first_name,last_name,job_title,department,email,address,phone_number,salary,password
Joshua,Larson,Engineer  structural,Public affairs consultant,maryayala@example.net,North Christopher,384-610-5689x92597,87458,EHFNZwIr
Brandi,Morgan,Health physicist,Copywriter  advertising,richardgonzalez@example.net,Port Amy,(808)371-8519x899,551,CZg8bcDT
Erica,Norris,Engineer  broadcasting (operations),Therapist  horticultural,iperez@example.com,South Brandymouth,295-904-1790,4557,eQf8j3TK
Steven,Weiss,Data scientist,Proofreader,cochoa@example.net,Martinezport,+1-997-968-9372x8027,13638,rNy0msYl
Ashley,Torres,Theatre manager,Engineer  electronics,teresa85@example.org,Lopezmouth,860.782.8352x911,41622,fm7rDKL3
Eric,Harris,Field seismologist,Gaffer,mackenziephelps@example.org,New Jacqueline,604-397-5755x08371,76338,pDrmLF1b
Jeremy,Jones,Further education lecturer,Social researcher,ehuynh@example.org,West Hollymouth,+1-844-968-8512,88181,mDkGWXfM
Nicholas,Coleman,Veterinary surgeon,Fitness centre manager,maria68@example.com,North Matthewton,+1-316-508-9855x23804,84142,nnxLm75j
Gerald,Jenkins,Set designer,Press photographer,pjackson@example.net,South Kristina,(322)342-6902x5461,58421,ZjtXZxu7
Drew,Torres,Psychotherapist,Designer  graphic,kaylagoodman@example.com,New Robert,(325)347-5258x11301,27697,AaD6K4VV
Heather,Barnes,Personal assistant,Local government officer,lindsay74@example.net,Cartermouth,+1-533-826-5764x95047,81741,d6VBHCAV
Tammy,Byrd,Doctor  general practice,Surveyor  planning and development,fchen@example.com,West Shaneburgh,896.344.9149x3274,30580,17FOTxRh
David,Williams,Doctor  hospital,Web designer,brenda14@example.com,West Clarenceside,(734)262-2962x8492,98571,QBLJq0D3
Madison,Parker,Conservation officer  nature,Horticultural consultant,xharper@example.com,Karenfort,519.937.1619x47545,51489,2a1XSjST
William,Turner,Mechanical engineer,Medical secretary,hthompson@example.net,Kathyport,+1-265-476-7108x29904,99892,yykCWsO2
Justin,Fowler,Designer  exhibition/display,Land/geomatics surveyor,shaneharris@example.org,Nicolestad,(948)511-5383,34447,ZS1vOeTp
Gregory,Santiago,Pharmacologist,Fast food restaurant manager,aadams@example.org,North Robertmouth,001-584-845-3538,29278,jzyNg3jS
William,Palmer,Paediatric nurse,Multimedia programmer,sburnett@example.org,New Carrie,703.503.5319x516,8150,OpWqOWwz
Deanna,Ward,Toxicologist,Optician  dispensing,brookstheresa@example.net,Ellisonland,531-253-2237,53523,Et4b7URN
Alisha,Townsend,Teaching laboratory technician,Arboriculturist,wleonard@example.org,New Feliciatown,001-687-834-2520x75811,41673,N0XOBNKQ
Stephanie,Burns,Games developer,Catering manager,jamiewagner@example.com,Youngstad,(523)366-9995,35430,uaMIISd0
Joseph,Blake,Chief Executive Officer,Public house manager,kjenkins@example.org,New Teresastad,+1-326-346-7665,16712,s2WuT7Er
Michael,Hernandez,Radiographer  diagnostic,Administrator  education,tarmstrong@example.org,East Kim,257.646.9993,50912,jkumAmNu
Samuel,Mcmillan,Teacher  music,Operational investment banker,yfox@example.org,Patriciamouth,001-976-399-1820x38988,42626,2J0EsVxv
John,Carlson,IT consultant,Metallurgist,john31@example.com,East Virginiaburgh,220-763-6162x073,95232,JgIUVhWm
Eric,Lee,Theatre director,Chemist  analytical,justin98@example.net,Johnsonfurt,(213)984-6992x36830,25964,oorCQCAf
Geoffrey,Russell,Jewellery designer,Investment banker  operational,ichristian@example.net,New Janetburgh,826-772-0448x821,8438,fjULqXmP
Michelle,Norris,Doctor  general practice,Scientist  biomedical,townsendkristen@example.com,Mccarthyberg,+1-991-533-9531,49581,669D8qIN
Lori,Park,Training and development officer,Programmer  systems,nguyenelizabeth@example.com,South Patricia,(600)666-4285,69417,cXQquEdB
Marcus,Bennett,Physicist  medical,Event organiser,pdiaz@example.com,Woodsville,9895476530,49384,bDo0OHVp
Gary,Johnson,Petroleum engineer,Armed forces logistics/support/administrative officer,xwilliams@example.net,Frankshire,8223151067,38037,ahRbpoj7
Mark,Maddox,Osteopath,Financial controller,uarmstrong@example.com,South Kristy,699.476.3799x99527,78461,bmpG3PCS
Rebecca,Hernandez,Building control surveyor,Health physicist,mosleyvictoria@example.com,West Gregoryville,5782979941,57541,aND64xaF
Kimberly,Woods,Trade union research officer,Geophysical data processor,emilygentry@example.com,Port Jasonfort,771-706-5723x9088,16977,JsvR2VXx
Christopher,Hill,Copy,Water engineer,jcastro@example.net,Penamouth,(702)943-6314x9284,7116,HiCFUmDp
Wendy,Patterson,Electronics engineer,Proofreader,ramirezjacob@example.net,Andrewchester,001-599-586-3660x42105,97024,OmTm5Ot9
Ronald,Roth,Medical laboratory scientific officer,Physicist  medical,thomaswalker@example.com,East Anna,(571)493-5881,90602,TRRbcnjr
Brandi,Hernandez,Scientist  marine,Biochemist  clinical,tiffanygoodman@example.net,Port Adamchester,(252)599-4645x453,39501,LCEpVmuR
Joel,Munoz,Geneticist  molecular,Insurance underwriter,pbradley@example.com,Amymouth,311.400.1850x833,56442,Gnm6WsZS
Jeffrey,Sutton,Orthoptist,Doctor  general practice,markwright@example.com,West Michael,+1-636-603-6613x705,2259,mN6KlMlv
Latasha,Dunn,Orthoptist,Mechanical engineer,christina89@example.com,New Oliviamouth,(295)789-1240,48435,udWBCYES
Amanda,Brown,Retail buyer,Product manager,timothy58@example.net,Port Vanessa,+1-336-549-6531x46786,90763,0xDoxGAf
Sherri,Alvarez,Nutritional therapist,Nurse  learning disability,ramseycassidy@example.com,East Melanieborough,001-818-214-0550x82839,92722,KKMuUhLV
Julie,Jimenez,Museum/gallery curator,Professor Emeritus,eric05@example.com,Patriciachester,001-320-810-0437x70250,58486,MhOjBBOz
Colin,Silva,Adult guidance worker,Engineer  structural,wendyguzman@example.com,West Dawn,934.998.4068x56418,52596,Vf7eiGI6
Mary,Middleton,Community arts worker,Risk manager,msaunders@example.com,Port Anthonyland,234.956.0799x3474,68172,9upJmB8w
Lindsay,Tucker,Barrister,Pilot  airline,jenniferflores@example.com,Heatherton,203.965.9047,48478,vo1mgdxG
Eric,Logan,Journalist  broadcasting,Pharmacist  hospital,benderkayla@example.org,Kaitlynshire,(834)796-2040x06370,30174,flxmxoUM
Joshua,Sellers,Chemical engineer,Patent attorney,fsandoval@example.com,New Christinebury,395-736-0600x3558,3699,PLW0LWhY
Ricardo,Campbell,Theatre stage manager,Theatre stage manager,james04@example.org,Jonathonshire,3159473966,89599,5XbcBYby
Gary,Waller,Retail buyer,Therapeutic radiographer,heathamy@example.org,Butlerfort,001-522-235-3226x680,25439,lSfSm88Y
Joshua,King,Investment analyst,Social worker,claudia32@example.com,Owensside,735-773-0481x01438,99824,f2fU3caK
Bradley,Turner,Oceanographer,Clinical molecular geneticist,williamsjames@example.net,Thomasport,978-743-0987x64345,48889,NadkpOr5
Melissa,Collins,Computer games developer,English as a second language teacher,djohnson@example.net,South Nicolechester,755-495-6843x73396,47846,1gpeLhkt
Kimberly,Pope,Catering manager,Housing manager/officer,heather96@example.org,Rileyton,+1-881-210-9283x51054,57948,4GRjH1Al
Morgan,Vance,Proofreader,Archivist,victoriawallace@example.net,Lake Alexaberg,564-877-2238,45114,fYfjMFPr
Anna,Carney,Scientist  research (medical),Scientist  biomedical,elizabeth47@example.net,West Marissaborough,514-510-4347x772,91560,HZa1ygsC
Nathan,Chavez,Artist,Accountant  chartered certified,jeremiahvalenzuela@example.org,Tracychester,(261)794-8630x92521,454,8afRFGVs
Julian,Stanton,Gaffer,Toxicologist,mpearson@example.net,Coopermouth,(488)698-2764x2290,34712,3h39vdSk
Brian,Bishop,Insurance broker,Location manager,kyle37@example.net,North Carriehaven,707-523-6424,94253,QqZ225Ho
Austin,Evans,Forensic psychologist,Hydrologist,kevin71@example.org,Hartmanville,+1-818-605-6283,51830,rtV2JKWh
Chelsey,Peterson,Immunologist,Government social research officer,john56@example.org,Maryville,882-383-2337,64761,0Lwi39aY
Lee,Frazier,Purchasing manager,Merchant navy officer,ellenbutler@example.net,Ericborough,584-755-1130x679,10650,2fcVHme7
Mary,Bailey,Health service manager,IT consultant,charlesshelia@example.org,West Rhonda,001-320-627-1782x08121,3713,7Iab1qGO
David,Collins,Scientist  research (maths),Facilities manager,carlwright@example.org,North Mark,+1-529-743-7643x1772,14228,T8BxEowd
Wesley,Pacheco,Clinical scientist  histocompatibility and immunogenetics,Oncologist,austinmiller@example.net,New Stephenside,677.638.3746x91242,25162,xifyoPAF
Vanessa,Garcia,Technical author,Race relations officer,michael51@example.net,New Tiffany,+1-900-926-3682x663,14829,QUxqml9R
Eric,Phillips,Publishing rights manager,Magazine features editor,rebeccaweaver@example.com,Fryside,703.857.9051x931,3359,wH9XN59v
John,Collins,Administrator,Air broker,robertsingh@example.com,New Lindsey,(739)362-8472x37876,8139,20WH0gV5
Peter,Perry,Surgeon,Insurance underwriter,jason05@example.com,Newmanton,001-914-964-3410x191,90336,Js7SmfsL
Julie,Gross,Merchant navy officer,Engineer  structural,michael26@example.com,Brettstad,533-930-7281,98031,HOOGCanF
William,Turner,Trade union research officer,Camera operator,carriewade@example.net,North Elizabeth,7058655991,22202,yYE0r3m9
Samuel,Norris,Administrator  education,Adult nurse,matthew64@example.org,North Elizabeth,5166710214,10415,ACA965GG
Gloria,Martinez,Civil Service administrator,Geoscientist,hannahsanders@example.org,New Roberthaven,(692)218-9722,58850,48fGzzPa
Steven,Andrade,Quantity surveyor,Film/video editor,cbrennan@example.net,West Timothy,3386493027,10176,oIUlvxHi
Daniel,Craig,Editor  film/video,Music tutor,jonestimothy@example.org,East Rebeccaport,(601)391-1400x9606,83032,K3R36UeA
Daniel,Erickson,Ophthalmologist,Television production assistant,leevincent@example.net,Port Jamie,246-938-5013,47543,r983tVlB
Kenneth,Mitchell,Ranger/warden,Teacher  special educational needs,cpalmer@example.com,Lake Logan,705-975-2511,47232,7nkadk9a
Desiree,Yoder,Tree surgeon,Barista,erinmartin@example.com,Shawmouth,646-971-0654x963,81041,gnxlcUNm
Raymond,Potter,Osteopath,Early years teacher,gallegosjessica@example.org,New Laura,2657003609,49730,CNGL1I53
Bradley,Griffin,Engineer  materials,Public affairs consultant,rcurtis@example.com,Rodriguezstad,001-316-860-3248x9383,56935,FqLxODA4
Kayla,Ross,Engineer  electronics,Engineer  communications,garrettjoseph@example.com,New Tammyshire,(512)274-2539x9112,26546,uZhzi1Sl
Joseph,Houston,Translator,Corporate investment banker,williamlam@example.net,Haroldberg,001-900-211-4594x3231,94800,04jh6EmC
Connie,Harmon,Proofreader,Cabin crew,emilybell@example.com,Melissaview,2043905257,67062,dx7Sdiiy
Nicole,Mullins,Public librarian,Therapist  art,kmiller@example.com,New Paulfort,001-961-896-5387x55372,60895,X75GYL0v
Dan,Elliott,Conservation officer  historic buildings,Control and instrumentation engineer,thomaslance@example.org,New Danielport,+1-417-404-1049x6111,11825,lAxwLfLV
Christina,Rivera,Engineer  manufacturing systems,Technical sales engineer,ularsen@example.com,Davisport,001-647-279-3440x8504,8656,Js6HV8tc
Glenn,Dawson,Personal assistant,Therapist  speech and language,pamela68@example.org,South Jennystad,+1-769-391-9647x382,37066,Ix17FMwS
Lisa,Downs,IT consultant,Biomedical scientist,veronica73@example.com,East Holly,(750)596-7268x146,1942,Lq4aYqQS
Bruce,Lewis,Lawyer,Speech and language therapist,walkerjamie@example.net,South Kevinhaven,709.723.8455,34614,M2cny9r9
Gary,Simpson,Contractor,Hydrologist,kaylee15@example.net,Port Michaelland,(260)432-7749x67664,77686,kyZHUEgA
Laura,Stewart,Clinical cytogeneticist,Geophysical data processor,catherine13@example.com,Brownville,+1-276-381-3005,8377,v35cBxIY
Jason,Lucas,Education administrator,Financial trader,josephbentley@example.org,West Veronica,+1-716-322-1452,40362,fKMeOFFn
Stacy,White,Technical brewer,Materials engineer,cschneider@example.net,West Kathybury,(711)635-4360,97824,2poncwz2
Lauren,Monroe,Engineer  control and instrumentation,Textile designer,brittany80@example.net,Lake Tomshire,+1-833-428-4894,39127,bPmaZwiG
Steven,Cook,Engineer  petroleum,Lobbyist,ronniewilliams@example.org,Waltertown,(415)967-7163x8212,18288,5VpsQn8C
Cynthia,Morris,Osteopath,Camera operator,novakmichael@example.org,Lake William,524-679-3171x250,23966,eZqdPorh
Andrea,Stone,English as a foreign language teacher,Comptroller,ugillespie@example.net,Joefort,5038188909,22552,yULDNhOH
Susan,Henson,Visual merchandiser,Nurse  children's,brianwagner@example.org,South Jennifertown,297.705.9880,71624,l9dpHMJ9
Rebecca,Castaneda,Communications engineer,Osteopath,bwaller@example.com,Port Jerry,001-852-708-1627,40319,vpmXB1ce
